{
	"notes": [
		{
			"time": 2.475,
			"move": "up",
			"spawnTime": 1.225
		},
		{
			"time": 3.0749999999999997,
			"move": "right",
			"spawnTime": 1.8249999999999997
		},
		{
			"time": 3.675,
			"move": "right",
			"spawnTime": 2.425
		},
		{
			"time": 7.2749999999999995,
			"move": "down",
			"spawnTime": 6.0249999999999995
		},
		{
			"time": 7.8,
			"move": "left",
			"spawnTime": 6.55
		},
		{
			"time": 8.4,
			"move": "right",
			"spawnTime": 7.15
		},
		{
			"time": 12,
			"move": "down",
			"spawnTime": 10.75
		},
		{
			"time": 12.6,
			"move": "left",
			"spawnTime": 11.35
		},
		{
			"time": 12.9,
			"move": "right",
			"spawnTime": 11.65
		},
		{
			"time": 13.2,
			"move": "up",
			"spawnTime": 11.95
		},
		{
			"time": 16.875,
			"move": "left",
			"spawnTime": 15.625
		},
		{
			"time": 17.175,
			"move": "right",
			"spawnTime": 15.925
		},
		{
			"time": 17.775,
			"move": "down",
			"spawnTime": 16.525
		},
		{
			"time": 18.075,
			"move": "up",
			"spawnTime": 16.825
		},
		{
			"time": 18.675,
			"move": "up",
			"spawnTime": 17.425
		},
		{
			"time": 21.675,
			"move": "down",
			"spawnTime": 20.425
		},
		{
			"time": 21.974999999999998,
			"move": "left",
			"spawnTime": 20.724999999999998
		},
		{
			"time": 22.275,
			"move": "right",
			"spawnTime": 21.025
		},
		{
			"time": 23.474999999999998,
			"move": "up",
			"spawnTime": 22.224999999999998
		},
		{
			"time": 26.474999999999998,
			"move": "down",
			"spawnTime": 25.224999999999998
		},
		{
			"time": 26.775,
			"move": "left",
			"spawnTime": 25.525
		},
		{
			"time": 27.075,
			"move": "right",
			"spawnTime": 25.825
		},
		{
			"time": 28.275,
			"move": "up",
			"spawnTime": 27.025
		},
		{
			"time": 28.575,
			"move": "up",
			"spawnTime": 27.325
		},
		{
			"time": 31.275,
			"move": "up",
			"spawnTime": 30.025
		},
		{
			"time": 31.575,
			"move": "right",
			"spawnTime": 30.325
		},
		{
			"time": 31.875,
			"move": "down",
			"spawnTime": 30.625
		},
		{
			"time": 33.074999999999996,
			"move": "up",
			"spawnTime": 31.824999999999996
		},
		{
			"time": 35.775,
			"move": "up",
			"spawnTime": 34.525
		},
		{
			"time": 36.074999999999996,
			"move": "left",
			"spawnTime": 34.824999999999996
		},
		{
			"time": 36.375,
			"move": "down",
			"spawnTime": 35.125
		},
		{
			"time": 36.975,
			"move": "up",
			"spawnTime": 35.725
		},
		{
			"time": 37.275,
			"move": "down",
			"spawnTime": 36.025
		},
		{
			"time": 37.875,
			"move": "up",
			"spawnTime": 36.625
		},
		{
			"time": 40.875,
			"move": "up",
			"spawnTime": 39.625
		},
		{
			"time": 41.475,
			"move": "right",
			"spawnTime": 40.225
		},
		{
			"time": 42.074999999999996,
			"move": "down",
			"spawnTime": 40.824999999999996
		},
		{
			"time": 45.675,
			"move": "up",
			"spawnTime": 44.425
		},
		{
			"time": 46.275,
			"move": "left",
			"spawnTime": 45.025
		},
		{
			"time": 46.875,
			"move": "down",
			"spawnTime": 45.625
		},
		{
			"time": 47.175,
			"move": "down",
			"spawnTime": 45.925
		},
		{
			"time": 47.475,
			"move": "up",
			"spawnTime": 46.225
		},
		{
			"time": 50.475,
			"move": "up",
			"spawnTime": 49.225
		},
		{
			"time": 51.074999999999996,
			"move": "right",
			"spawnTime": 49.824999999999996
		},
		{
			"time": 51.675,
			"move": "down",
			"spawnTime": 50.425
		},
		{
			"time": 54.375,
			"move": "left",
			"spawnTime": 53.125
		},
		{
			"time": 52.275,
			"move": "up",
			"spawnTime": 51.025
		},
		{
			"time": 55.275,
			"move": "right",
			"spawnTime": 54.025
		},
		{
			"time": 55.875,
			"move": "right",
			"spawnTime": 54.625
		},
		{
			"time": 56.475,
			"move": "right",
			"spawnTime": 55.225
		},
		{
			"time": 57.074999999999996,
			"move": "up",
			"spawnTime": 55.824999999999996
		},
		{
			"time": 60.074999999999996,
			"move": "left",
			"spawnTime": 58.824999999999996
		},
		{
			"time": 60.375,
			"move": "down",
			"spawnTime": 59.125
		},
		{
			"time": 60.675,
			"move": "right",
			"spawnTime": 59.425
		},
		{
			"time": 61.875,
			"move": "up",
			"spawnTime": 60.625
		},
		{
			"time": 64.575,
			"move": "left",
			"spawnTime": 63.325
		},
		{
			"time": 64.875,
			"move": "down",
			"spawnTime": 63.625
		},
		{
			"time": 65.175,
			"move": "right",
			"spawnTime": 63.925
		},
		{
			"time": 65.77499999999999,
			"move": "up",
			"spawnTime": 64.52499999999999
		},
		{
			"time": 66.075,
			"move": "down",
			"spawnTime": 64.825
		},
		{
			"time": 66.675,
			"move": "up",
			"spawnTime": 65.425
		},
		{
			"time": 66.975,
			"move": "up",
			"spawnTime": 65.725
		},
		{
			"time": 69.675,
			"move": "left",
			"spawnTime": 68.425
		},
		{
			"time": 69.975,
			"move": "down",
			"spawnTime": 68.725
		},
		{
			"time": 70.27499999999999,
			"move": "right",
			"spawnTime": 69.02499999999999
		},
		{
			"time": 70.575,
			"move": "up",
			"spawnTime": 69.325
		},
		{
			"time": 70.875,
			"move": "down",
			"spawnTime": 69.625
		},
		{
			"time": 71.475,
			"move": "up",
			"spawnTime": 70.225
		},
		{
			"time": 74.175,
			"move": "left",
			"spawnTime": 72.925
		},
		{
			"time": 74.475,
			"move": "down",
			"spawnTime": 73.225
		},
		{
			"time": 74.77499999999999,
			"move": "right",
			"spawnTime": 73.52499999999999
		},
		{
			"time": 75.375,
			"move": "up",
			"spawnTime": 74.125
		},
		{
			"time": 75.675,
			"move": "down",
			"spawnTime": 74.425
		},
		{
			"time": 76.27499999999999,
			"move": "up",
			"spawnTime": 75.02499999999999
		},
		{
			"time": 47.025,
			"move": "down"
		}
	],
	"events": [
		{ "time": 0.0, "id": "changeBpm", "value": 120, "duration": 1.2 },
		{ "time": 1.2, "id": "playAnim", "value": "victory", "duration": 0.5 },
		{ "time": 2, "id": "changeScrollspeed", "value": 1.2, "duration": 1 }
	]
}