{"notes":[{"time":6.046875,"move":"left"},{"time":6.421875,"move":"right"},{"time":6.796875,"move":"left"},{"time":7.171875,"move":"down"},{"time":7.359375,"move":"up"},{"time":7.734375,"move":"down"},{"time":7.921875,"move":"left"},{"time":8.015625,"move":"down"},{"time":8.203125,"move":"up"},{"time":8.296875,"move":"right"},{"time":8.484375,"move":"down"},{"time":8.671875,"move":"left"},{"time":8.859375,"move":"down"},{"time":9.046875,"move":"down"},{"time":9.421875,"move":"up"},{"time":9.75,"move":"up"},{"time":10.171875,"move":"up"},{"time":10.359375,"move":"right"},{"time":12.046875,"move":"down"},{"time":12.421875,"move":"down"},{"time":12.796875,"move":"down"},{"time":13.171875,"move":"down"},{"time":13.359375,"move":"left"}],"events":[]}