{
	"notes": [
		{
			"time": 1.828125,
			"move": "down"
		},
		{
			"time": 2.015625,
			"move": "left"
		},
		{
			"time": 2.203125,
			"move": "down"
		},
		{
			"time": 2.859375,
			"move": "down"
		},
		{
			"time": 3.328125,
			"move": "up"
		},
		{
			"time": 3.890625,
			"move": "left"
		},
		{
			"time": 4.640625,
			"move": "up"
		},
		{
			"time": 5.203125,
			"move": "right"
		}
	],
	"events": [
		{ "id": "change-bpm", "time": 125, "value": 180 },
		{ "id": "change-bpm", "time": 195, "value": 160 }
	]
}